path,lat,lon
tiles/tile_0007.jpg,19.825061729820447,72.40468195674435
tiles/tile_0008.jpg,19.825800464274696,72.45596693009507
tiles/tile_0009.jpg,19.8265244899286,72.5072541885439
tiles/tile_0010.jpg,19.82723380401633,72.55854368617734
tiles/tile_0011.jpg,19.827928403827983,72.60983537707061
tiles/tile_0012.jpg,19.828608286709624,72.66112921528769
tiles/tile_0013.jpg,19.82927345006333,72.71242515488166
tiles/tile_0014.jpg,19.82992389134716,72.76372314989493
tiles/tile_0015.jpg,19.83055960807525,72.81502315435944
tiles/tile_0016.jpg,19.83118059781781,72.86632512229686
tiles/tile_0017.jpg,19.831786858201102,72.91762900771894
tiles/tile_0018.jpg,19.83237838690755,72.96893476462763
tiles/tile_0019.jpg,19.832955181675672,73.02024234701535
tiles/tile_0020.jpg,19.833517240300168,73.07155170886521
tiles/tile_0021.jpg,19.834064560631905,73.12286280415132
tiles/tile_0022.jpg,19.834597140577973,73.1741755868389
tiles/tile_0023.jpg,19.835114978101657,73.22549001088458
tiles/tile_0024.jpg,19.8356180712225,73.27680603023668
tiles/tile_0025.jpg,19.836106418016293,73.32812359883535
tiles/tile_0026.jpg,19.836580016615112,73.37944267061285
tiles/tile_0027.jpg,19.83703886520734,73.43076319949377
tiles/tile_0028.jpg,19.83748296203764,73.48208513939534
tiles/tile_0029.jpg,19.837912305407038,73.53340844422752
tiles/tile_0030.jpg,19.838326893672903,73.58473306789335
tiles/tile_0031.jpg,19.83872672524896,73.63605896428916
tiles/tile_0032.jpg,19.839111798605312,73.68738608730477
tiles/tile_0033.jpg,19.839482112268456,73.73871439082377
tiles/tile_0041.jpg,19.776529486515276,72.40546918210273
tiles/tile_0042.jpg,19.77726626561294,72.45673864073606
tiles/tile_0043.jpg,19.777988374825963,72.50801038130408
tiles/tile_0044.jpg,19.77869581139684,72.55928435795661
tiles/tile_0045.jpg,19.77938857262385,72.61056052483217
tiles/tile_0046.jpg,19.78006665586109,72.66183883605808
tiles/tile_0047.jpg,19.78073005851845,72.7131192457508
tiles/tile_0048.jpg,19.781378778061697,72.76440170801615
tiles/tile_0049.jpg,19.782012812012454,72.81568617694948
tiles/tile_0050.jpg,19.782632157948253,72.86697260663598
tiles/tile_0051.jpg,19.783236813502544,72.91826095115086
tiles/tile_0052.jpg,19.78382677636473,72.96955116455958
tiles/tile_0053.jpg,19.78440204428016,73.02084320091814
tiles/tile_0054.jpg,19.78496261505021,73.07213701427322
tiles/tile_0055.jpg,19.78550848653222,73.12343255866253
tiles/tile_0056.jpg,19.7860396566396,73.1747297881149
tiles/tile_0057.jpg,19.78655612334179,73.22602865665067
tiles/tile_0058.jpg,19.787057884664303,73.27732911828178
tiles/tile_0059.jpg,19.78754493868876,73.32863112701212
tiles/tile_0060.jpg,19.78801728355285,73.37993463683766
tiles/tile_0061.jpg,19.78847491745044,73.43123960174677
tiles/tile_0062.jpg,19.7889178386315,73.48254597572038
tiles/tile_0063.jpg,19.789346045402187,73.53385371273231
tiles/tile_0064.jpg,19.789759536124816,73.58516276674938
tiles/tile_0065.jpg,19.79015830921791,73.63647309173173
tiles/tile_0066.jpg,19.79054236315619,73.68778464163307
tiles/tile_0067.jpg,19.79091169647061,73.7390973704008
tiles/tile_0074.jpg,19.727247497057768,72.35500241448977
tiles/tile_0075.jpg,19.727996950128684,72.40625407968587
tiles/tile_0076.jpg,19.72873177501276,72.45750806944041
tiles/tile_0077.jpg,19.729451968905263,72.50876433797784
tiles/tile_0078.jpg,19.73015752905705,72.56002283951103
tiles/tile_0079.jpg,19.730848452774545,72.61128352824157
tiles/tile_0080.jpg,19.731524737419843,72.66254635835988
tiles/tile_0081.jpg,19.732186380410678,72.71381128404559
tiles/tile_0082.jpg,19.732833379220462,72.76507825946769
tiles/tile_0083.jpg,19.73346573137832,72.81634723878472
tiles/tile_0084.jpg,19.734083434469103,72.86761817614511
tiles/tile_0085.jpg,19.734686486133427,72.91889102568733
tiles/tile_0086.jpg,19.735274884067668,72.97016574154016
tiles/tile_0087.jpg,19.73584862602401,73.02144227782289
tiles/tile_0088.jpg,19.736407709810447,73.07272058864554
tiles/tile_0089.jpg,19.736952133290824,73.1240006281092
tiles/tile_0090.jpg,19.73748189438485,73.17528235030612
tiles/tile_0091.jpg,19.7379969910681,73.22656570932004
tiles/tile_0092.jpg,19.738497421372077,73.27785065922636
tiles/tile_0093.jpg,19.738983183384164,73.32913715409242
tiles/tile_0094.jpg,19.73945427524773,73.38042514797768
tiles/tile_0095.jpg,19.73991069516207,73.43171459493405
tiles/tile_0096.jpg,19.74035244138246,73.48300544900597
tiles/tile_0097.jpg,19.740779512220172,73.53429766423083
tiles/tile_0098.jpg,19.741191906042484,73.58559119463902
tiles/tile_0099.jpg,19.74158962127269,73.63688599425429
tiles/tile_0100.jpg,19.74197265639014,73.68818201709394
tiles/tile_0101.jpg,19.74234100993021,73.73947921716902
tiles/tile_0108.jpg,19.678716660161847,72.35580040741262
tiles/tile_0109.jpg,19.679464121296355,72.40703665270858
tiles/tile_0110.jpg,19.68019699310608,72.45827521935995
tiles/tile_0111.jpg,19.680915272794767,72.50951606165395
tiles/tile_0112.jpg,19.681618957621595,72.56075913386628
tiles/tile_0113.jpg,19.68230804490116,72.61200439026136
tiles/tile_0114.jpg,19.682982532003525,72.66325178509253
tiles/tile_0115.jpg,19.68364241635425,72.71450127260228
tiles/tile_0116.jpg,19.68428769543439,72.76575280702257
tiles/tile_0117.jpg,19.68491836678056,72.81700634257493
tiles/tile_0118.jpg,19.685534427984923,72.86826183347078
tiles/tile_0119.jpg,19.686135876695225,72.91951923391163
tiles/tile_0120.jpg,19.686722710614823,72.97077849808929
tiles/tile_0121.jpg,19.687294927502712,73.02203958018616
tiles/tile_0122.jpg,19.687852525173525,73.0733024343754
tiles/tile_0123.jpg,19.68839550149757,73.1245670148212
tiles/tile_0124.jpg,19.68892385440086,73.17583327567898
tiles/tile_0125.jpg,19.689437581865093,73.22710117109567
tiles/tile_0126.jpg,19.689936681927737,73.2783706552099
tiles/tile_0127.jpg,19.690421152681974,73.32964168215223
tiles/tile_0128.jpg,19.690890992276792,73.38091420604539
tiles/tile_0129.jpg,19.69134619891693,73.43218818100455
tiles/tile_0130.jpg,19.69178677086296,73.4834635611375
tiles/tile_0131.jpg,19.692212706431256,73.5347403005449
tiles/tile_0132.jpg,19.69262400399405,73.58601835332051
tiles/tile_0133.jpg,19.69302066197941,73.63729767355144
tiles/tile_0134.jpg,19.69340267887128,73.68857821531837
tiles/tile_0135.jpg,19.6937700532095,73.73985993269577
tiles/tile_0142.jpg,19.63018553029848,72.35659603327703
tiles/tile_0143.jpg,19.630931000654517,72.40781690437392
tiles/tile_0144.jpg,19.631661920525367,72.45904009363494
tiles/tile_0145.jpg,19.63237828712327,72.51026555540986
tiles/tile_0146.jpg,19.63308009771569,72.56149324403695
tiles/tile_0147.jpg,19.633767349625376,72.61272311384326
tiles/tile_0148.jpg,19.634440040230366,72.66395511914479
tiles/tile_0149.jpg,19.63509816696402,72.7151892142467
tiles/tile_0150.jpg,19.635741727315036,72.7664253534437
tiles/tile_0151.jpg,19.636370718827493,72.81766349102001
tiles/tile_0152.jpg,19.636985139100847,72.86890358124987
tiles/tile_0153.jpg,19.637584985790006,72.92014557839754
tiles/tile_0154.jpg,19.638170256605264,72.9713894367177
tiles/tile_0155.jpg,19.63874094931242,73.02263511045558
tiles/tile_0156.jpg,19.63929706173273,73.07388255384724
tiles/tile_0157.jpg,19.63983859174297,73.12513172111977
tiles/tile_0158.jpg,19.640365537275432,73.17638256649155
tiles/tile_0159.jpg,19.640877896317942,73.22763504417243
tiles/tile_0160.jpg,19.64137566691391,73.27888910836404
tiles/tile_0161.jpg,19.64185884716232,73.33014471325993
tiles/tile_0162.jpg,19.642327435217744,73.38140181304587
tiles/tile_0163.jpg,19.642781429290395,73.43266036190009
tiles/tile_0164.jpg,19.6432208276461,73.48392031399342
tiles/tile_0165.jpg,19.64364562860636,73.53518162348963
tiles/tile_0166.jpg,19.64405583054833,73.58644424454562
tiles/tile_0167.jpg,19.644451431904844,73.63770813131157
tiles/tile_0168.jpg,19.644832431164463,73.68897323793135
tiles/tile_0169.jpg,19.645198826871425,73.74023951854257
tiles/tile_0176.jpg,19.58165410810828,72.35738929533682
tiles/tile_0177.jpg,19.58239758883997,72.40859483787318
tiles/tile_0178.jpg,19.583126557903707,72.45980269539412
tiles/tile_0179.jpg,19.58384101252017,72.5110128223117
tiles/tile_0180.jpg,19.58454094996514,72.56222517302656
tiles/tile_0181.jpg,19.585226367569486,72.61343970192814
tiles/tile_0182.jpg,19.585897262719207,72.66465636339487
tiles/tile_0183.jpg,19.586553632855463,72.71587511179438
tiles/tile_0184.jpg,19.587195475474573,72.76709590148378
tiles/tile_0185.jpg,19.58782278812808,72.81831868680992
tiles/tile_0186.jpg,19.58843556842272,72.86954342210949
tiles/tile_0187.jpg,19.589033814020517,72.92077006170938
tiles/tile_0188.jpg,19.589617522638733,72.97199855992683
tiles/tile_0189.jpg,19.590186692049947,73.02322887106973
tiles/tile_0190.jpg,19.590741320082035,73.07446094943677
tiles/tile_0191.jpg,19.591281404618204,73.1256947493177
tiles/tile_0192.jpg,19.59180694359705,73.17693022499364
tiles/tile_0193.jpg,19.592317935012492,73.22816733073714
tiles/tile_0194.jpg,19.592814376913896,73.27940602081257
tiles/tile_0195.jpg,19.593296267406007,73.33064624947629
tiles/tile_0196.jpg,19.593763604649016,73.38188797097686
tiles/tile_0197.jpg,19.59421638685856,73.43313113955531
tiles/tile_0198.jpg,19.59465461230574,73.48437570944532
tiles/tile_0199.jpg,19.595078279317157,73.53562163487352
tiles/tile_0200.jpg,19.595487386274883,73.58686887005966
tiles/tile_0201.jpg,19.595881931616525,73.63811736921687
tiles/tile_0202.jpg,19.596261913835228,73.68936708655188
tiles/tile_0203.jpg,19.59662733147966,73.74061797626528
tiles/tile_0209.jpg,19.53236643192746,72.30699229461254
tiles/tile_0210.jpg,19.53312239423243,72.35818019683384
tiles/tile_0211.jpg,19.53386388649009,72.40937045638596
tiles/tile_0212.jpg,19.53459090587472,72.46056302775474
tiles/tile_0213.jpg,19.53530344961545,72.51175786541437
tiles/tile_0214.jpg,19.536001514996336,72.56295492382763
tiles/tile_0215.jpg,19.53668509935637,72.61415415744611
tiles/tile_0216.jpg,19.5373542000895,72.66535552071042
tiles/tile_0217.jpg,19.538008814644662,72.7165589680504
tiles/tile_0218.jpg,19.5386489405258,72.7677644538855
tiles/tile_0219.jpg,19.53927457529188,72.81897193262475
tiles/tile_0220.jpg,19.53988571655696,72.87018135866721
tiles/tile_0221.jpg,19.54048236199012,72.92139268640209
tiles/tile_0222.jpg,19.541064509315603,72.97260587020902
tiles/tile_0223.jpg,19.541632156312744,73.02382086445826
tiles/tile_0224.jpg,19.542185300816037,73.07503762351092
tiles/tile_0225.jpg,19.54272394071512,73.12625610171925
tiles/tile_0226.jpg,19.54324807395485,73.17747625342676
tiles/tile_0227.jpg,19.543757698535277,73.22869803296857
tiles/tile_0228.jpg,19.544252812511665,73.27992139467153
tiles/tile_0229.jpg,19.544733413994543,73.33114629285456
tiles/tile_0230.jpg,19.545199501149707,73.38237268182877
tiles/tile_0231.jpg,19.5456510721982,73.43360051589778
tiles/tile_0232.jpg,19.5460881254164,73.4848297493579
tiles/tile_0233.jpg,19.546510659135976,73.53606033649835
tiles/tile_0234.jpg,19.546918671743956,73.58729223160158
tiles/tile_0235.jpg,19.547312161682672,73.63852538894334
tiles/tile_0236.jpg,19.547691127449863,73.68975976279306
tiles/tile_0237.jpg,19.548055567598613,73.74099530741402
tiles/tile_0243.jpg,19.4838364530993,72.30779607302875
tiles/tile_0244.jpg,19.48459038931267,72.35896874099808
tiles/tile_0245.jpg,19.48532989424283,72.41014376308013
tiles/tile_0246.jpg,19.486054965072636,72.4613210938226
tiles/tile_0247.jpg,19.48676559903967,72.51250068776156
tiles/tile_0248.jpg,19.48746179343627,72.56368249942167
tiles/tile_0249.jpg,19.48814354560952,72.61486648331646
tiles/tile_0250.jpg,19.4888108529613,72.66605259394849
tiles/tile_0251.jpg,19.48946371294832,72.71724078580966
tiles/tile_0252.jpg,19.49010212308213,72.76843101338136
tiles/tile_0253.jpg,19.49072608092913,72.81962323113473
tiles/tile_0254.jpg,19.491335584110622,72.87081739353088
tiles/tile_0255.jpg,19.491930630302832,72.92201345502119
tiles/tile_0256.jpg,19.492511217236896,72.97321137004737
tiles/tile_0257.jpg,19.493077342698925,73.02441109304186
tiles/tile_0258.jpg,19.493629004530003,73.075612578428
tiles/tile_0259.jpg,19.49416620062621,73.12681578062018
tiles/tile_0260.jpg,19.49468892893866,73.17802065402424
tiles/tile_0261.jpg,19.49519718747348,73.2292271530375
tiles/tile_0262.jpg,19.495690974291875,73.28043523204914
tiles/tile_0263.jpg,19.49617028751013,73.33164484544038
tiles/tile_0264.jpg,19.49663512529961,73.38285594758466
tiles/tile_0265.jpg,19.49708548588679,73.43406849284797
tiles/tile_0266.jpg,19.497521367553304,73.48528243558899
tiles/tile_0267.jpg,19.4979427686359,73.53649773015935
tiles/tile_0268.jpg,19.498349687526517,73.58771433090388
tiles/tile_0269.jpg,19.49874212267223,73.6389321921608
tiles/tile_0270.jpg,19.49912007257535,73.690151268262
tiles/tile_0271.jpg,19.49948353579339,73.74137151353324
tiles/tile_0277.jpg,19.43530618270464,72.30859745188975
tiles/tile_0278.jpg,19.43605809399129,72.3597549310476
tiles/tile_0279.jpg,19.43679561273666,72.41091476111195
tiles/tile_0280.jpg,19.43751873613222,72.46207689669208
tiles/tile_0281.jpg,19.43822746142397,72.51324129238571
tiles/tile_0282.jpg,19.438921785912505,72.5644079027792
tiles/tile_0283.jpg,19.43960170695299,72.61557668244775
tiles/tile_0284.jpg,19.44026722195525,72.66674758595569
tiles/tile_0285.jpg,19.44091832838373,72.71792056785668
tiles/tile_0286.jpg,19.441555023757587,72.76909558269388
tiles/tile_0287.jpg,19.44217730565063,72.82027258500028
tiles/tile_0288.jpg,19.44278517169143,72.87145152929887
tiles/tile_0289.jpg,19.44337861956329,72.92263237010285
tiles/tile_0290.jpg,19.443957647004268,72.97381506191589
tiles/tile_0291.jpg,19.444522251807246,73.02499955923236
tiles/tile_0292.jpg,19.445072431819877,73.07618581653755
tiles/tile_0293.jpg,19.445608184944653,73.12737378830786
tiles/tile_0294.jpg,19.446129509138952,73.17856342901112
tiles/tile_0295.jpg,19.446636402414978,73.22975469310673
tiles/tile_0296.jpg,19.44712886283986,73.28094753504587
tiles/tile_0297.jpg,19.447606888535617,73.3321419092719
tiles/tile_0298.jpg,19.4480704776792,73.38333777022032
tiles/tile_0299.jpg,19.448519628502492,73.43453507231929
tiles/tile_0300.jpg,19.448954339292374,73.4857337699896
tiles/tile_0301.jpg,19.44937460839067,73.53693381764506
tiles/tile_0302.jpg,19.44978043419421,73.58813516969272
tiles/tile_0303.jpg,19.45017181515484,73.63933778053297
tiles/tile_0304.jpg,19.45054874977941,73.69054160455994
tiles/tile_0311.jpg,19.386775621390186,72.30939643446335
tiles/tile_0312.jpg,19.38752550891112,72.36053877018867
tiles/tile_0313.jpg,19.38826104261066,72.41168345362604
tiles/tile_0314.jpg,19.38898221968884,72.46283043944618
tiles/tile_0315.jpg,19.389689037400075,72.51397968230818
tiles/tile_0316.jpg,19.3903814930532,72.56513113685985
tiles/tile_0317.jpg,19.391059584011465,72.61628475773789
tiles/tile_0318.jpg,19.3917233076926,72.66744049956813
tiles/tile_0319.jpg,19.392372661568807,72.71859831696575
tiles/tile_0320.jpg,19.393007643166808,72.76975816453553
tiles/tile_0321.jpg,19.393628250067835,72.82091999687202
tiles/tile_0322.jpg,19.39423447990769,72.87208376855986
tiles/tile_0323.jpg,19.39482633037677,72.92324943417387
tiles/tile_0324.jpg,19.395403799220038,72.97441694827945
tiles/tile_0325.jpg,19.3959668842371,73.02558626543266
tiles/tile_0326.jpg,19.3965155832822,73.07675734018052
tiles/tile_0327.jpg,19.39704989426426,73.12793012706122
tiles/tile_0328.jpg,19.39756981514686,73.17910458060433
tiles/tile_0329.jpg,19.39807534394831,73.23028065533106
tiles/tile_0330.jpg,19.398566478741618,73.28145830575447
tiles/tile_0331.jpg,19.39904321765456,73.33263748637972
tiles/tile_0332.jpg,19.39950555886964,73.38381815170426
tiles/tile_0333.jpg,19.399953500624168,73.43500025621806
tiles/tile_0334.jpg,19.40038704121024,73.48618375440391
tiles/tile_0335.jpg,19.400806178974744,73.53736860073752
tiles/tile_0336.jpg,19.401210912319428,73.58855474968787
tiles/tile_0337.jpg,19.40160123970085,73.6397421557174
tiles/tile_0338.jpg,19.40197715963044,73.69093077328218
tiles/tile_0344.jpg,19.337482592612844,72.25906817618079
tiles/tile_0345.jpg,19.33824476980318,72.3101930240053
tiles/tile_0346.jpg,19.338992634715584,72.36132026161567
tiles/tile_0347.jpg,19.33972618450446,72.41244984375545
tiles/tile_0348.jpg,19.34044541637842,72.46358172515652
tiles/tile_0349.jpg,19.34115032760028,72.51471586053911
tiles/tile_0350.jpg,19.3418409154871,72.56585220461233
tiles/tile_0351.jpg,19.342517177410205,72.61699071207406
tiles/tile_0352.jpg,19.343179110795216,72.66813133761146
tiles/tile_0353.jpg,19.34382671312208,72.719274035901
tiles/tile_0354.jpg,19.34445998192506,72.77041876160881
tiles/tile_0355.jpg,19.34507891479281,72.82156546939082
tiles/tile_0356.jpg,19.34568350936837,72.87271411389305
tiles/tile_0357.jpg,19.34627376334919,72.9238646497518
tiles/tile_0358.jpg,19.34684967448713,72.9750170315939
tiles/tile_0359.jpg,19.34741124058855,73.02617121403686
tiles/tile_0360.jpg,19.34795845951424,73.07732715168925
tiles/tile_0361.jpg,19.34849132917952,73.12848479915075
tiles/tile_0362.jpg,19.34900984755421,73.17964411101254
tiles/tile_0363.jpg,19.34951401266268,73.23080504185738
tiles/tile_0364.jpg,19.35000382258384,73.28196754625995
tiles/tile_0365.jpg,19.35047927545118,73.33313157878703
tiles/tile_0366.jpg,19.350940369452783,73.38429709399772
tiles/tile_0367.jpg,19.35138710283136,73.43546404644367
tiles/tile_0368.jpg,19.3518194738842,73.48663239066933
tiles/tile_0369.jpg,19.35223748096329,73.53780208121215
tiles/tile_0370.jpg,19.352641122475237,73.58897307260284
tiles/tile_0371.jpg,19.353030396881344,73.64014531936556
tiles/tile_0372.jpg,19.35340530269758,73.69131877601818
tiles/tile_0378.jpg,19.28895351152353,72.2598774255616
tiles/tile_0379.jpg,19.289713628591432,72.31098722375943
tiles/tile_0380.jpg,19.290459472048628,72.36209940851131
tiles/tile_0381.jpg,19.291191039058248,72.41321393462171
tiles/tile_0382.jpg,19.291908326837465,72.4643307568834
tiles/tile_0383.jpg,19.292611332657465,72.51544983007763
tiles/tile_0384.jpg,19.29330005384354,72.56657110897443
tiles/tile_0385.jpg,19.293974487775067,72.61769454833279
tiles/tile_0386.jpg,19.29463463188555,72.66882010290088
tiles/tile_0387.jpg,19.29528048366265,72.71994772741628
tiles/tile_0388.jpg,19.29591204064821,72.77107737660621
tiles/tile_0389.jpg,19.296529300438262,72.82220900518777
tiles/tile_0390.jpg,19.29713226068305,72.87334256786816
tiles/tile_0391.jpg,19.29772091908709,72.92447801934486
tiles/tile_0392.jpg,19.298295273409146,72.97561531430593
tiles/tile_0393.jpg,19.298855321462284,73.02675440743018
tiles/tile_0394.jpg,19.29940106111386,73.0778952533874
tiles/tile_0395.jpg,19.299932490285563,73.12903780683862
tiles/tile_0396.jpg,19.300449606953464,73.18018202243631
tiles/tile_0397.jpg,19.300952409147964,73.23132785482466
tiles/tile_0398.jpg,19.301440894953867,73.28247525863965
tiles/tile_0399.jpg,19.301915062510396,73.3336241885095
tiles/tile_0400.jpg,19.30237491001117,73.38477459905471
tiles/tile_0401.jpg,19.302820435704287,73.43592644488838
tiles/tile_0402.jpg,19.30325163789228,73.48707968061643
tiles/tile_0403.jpg,19.303668514932152,73.53823426083781
tiles/tile_0404.jpg,19.304071065235416,73.58939014014472
tiles/tile_0405.jpg,19.30445928726808,73.6405472731228
tiles/tile_0406.jpg,19.30483317955068,73.69170561435153
tiles/tile_0412.jpg,19.24042414028648,72.2606842432027
tiles/tile_0413.jpg,19.24118219840327,72.3117790369575
tiles/tile_0414.jpg,19.24192602155476,72.36287621404648
tiles/tile_0415.jpg,19.242655606912784,72.41397572933477
tiles/tile_0416.jpg,19.24337095170304,72.46507753767584
tiles/tile_0417.jpg,19.244072053205088,72.51618159391172
tiles/tile_0418.jpg,19.244758908752438,72.56728785287319
tiles/tile_0419.jpg,19.2454315157325,72.61839626938004
tiles/tile_0420.jpg,19.24608987158665,72.66950679824127
tiles/tile_0421.jpg,19.246733973810272,72.72061939425532
tiles/tile_0422.jpg,19.247363819952746,72.77173401221033
tiles/tile_0423.jpg,19.247979407617475,72.82285060688429
tiles/tile_0424.jpg,19.248580734461925,72.87396913304536
tiles/tile_0425.jpg,19.249167798197654,72.92508954545202
tiles/tile_0426.jpg,19.249740596590303,72.9762117988533
tiles/tile_0427.jpg,19.25029912745964,73.02733584798904
tiles/tile_0428.jpg,19.25084338867958,73.0784616475901
tiles/tile_0429.jpg,19.2513733781782,73.12958915237861
tiles/tile_0430.jpg,19.251889093937752,73.18071831706814
tiles/tile_0431.jpg,19.252390533994703,73.23184909636394
tiles/tile_0432.jpg,19.25287769643974,73.28298144496324
tiles/tile_0433.jpg,19.253350579417784,73.33411531755536
tiles/tile_0434.jpg,19.253809181128016,73.38525066882202
tiles/tile_0435.jpg,19.25425349982389,73.43638745343756
tiles/tile_0436.jpg,19.254683533813164,73.48752562606911
tiles/tile_0437.jpg,19.255099281457884,73.53866514137687
tiles/tile_0438.jpg,19.25550074117443,73.58980595401432
tiles/tile_0439.jpg,19.25588791143354,73.64094801862844
tiles/tile_0446.jpg,19.19189447955446,72.26148863238467
tiles/tile_0447.jpg,19.192650479887583,72.31256846681941
tiles/tile_0448.jpg,19.193392283879053,72.36365068138038
tiles/tile_0449.jpg,19.19411988870937,72.41473523099313
tiles/tile_0450.jpg,19.194833291612763,72.46582207057162
tiles/tile_0451.jpg,19.195532489877174,72.5169111550184
tiles/tile_0452.jpg,19.196217480844275,72.5680024392248
tiles/tile_0453.jpg,19.19688826190953,72.61909587807115
tiles/tile_0454.jpg,19.197544830522173,72.67019142642711
tiles/tile_0455.jpg,19.19818718418528,72.72128903915174
tiles/tile_0456.jpg,19.19881532045576,72.77238867109384
tiles/tile_0457.jpg,19.199429236944383,72.82349027709212
tiles/tile_0458.jpg,19.200028931315835,72.87459381197543
tiles/tile_0459.jpg,19.20061440128869,72.92569923056303
tiles/tile_0460.jpg,19.20118564463545,72.9768064876647
tiles/tile_0461.jpg,19.201742659182603,73.02791553808113
tiles/tile_0462.jpg,19.20228544281059,73.07902633660397
tiles/tile_0463.jpg,19.20281399345386,73.13013883801622
tiles/tile_0464.jpg,19.203328309100865,73.18125299709232
tiles/tile_0465.jpg,19.20382838779411,73.23236876859845
tiles/tile_0466.jpg,19.204314227630142,73.28348610729272
tiles/tile_0467.jpg,19.204785826759608,73.33460496792544
tiles/tile_0468.jpg,19.205243183387207,73.38572530523929
tiles/tile_0469.jpg,19.205686295771766,73.43684707396957
tiles/tile_0470.jpg,19.20611516222624,73.48797022884446
tiles/tile_0471.jpg,19.206529781117727,73.53909472458515
tiles/tile_0472.jpg,19.20693015086747,73.59022051590622
tiles/tile_0473.jpg,19.20731626995089,73.64134755751567
tiles/tile_0480.jpg,19.143364529980797,72.26229059637588
tiles/tile_0481.jpg,19.14411847369382,72.31335551655316
tiles/tile_0482.jpg,19.14485825966712,72.36442281366055
tiles/tile_0483.jpg,19.14558388508988,72.41549244268384
tiles/tile_0484.jpg,19.146295347204852,72.46656435859727
tiles/tile_0485.jpg,19.146992643308327,72.51763851636365
tiles/tile_0486.jpg,19.14767577075015,72.56871487093461
tiles/tile_0487.jpg,19.148344726933797,72.61979337725091
tiles/tile_0488.jpg,19.14899950931636,72.67087399024254
tiles/tile_0489.jpg,19.149640115408605,72.72195666482901
tiles/tile_0490.jpg,19.150266542774958,72.77304135591952
tiles/tile_0491.jpg,19.150878789033545,72.82412801841329
tiles/tile_0492.jpg,19.151476851856238,72.87521660719965
tiles/tile_0493.jpg,19.152060728968625,72.9263070771584
tiles/tile_0494.jpg,19.152630418150093,72.97739938315986
tiles/tile_0495.jpg,19.1531859172338,73.02849348006531
tiles/tile_0496.jpg,19.153727224106717,73.07958932272703
tiles/tile_0497.jpg,19.154254336709645,73.1306868659886
tiles/tile_0498.jpg,19.15476725303725,73.18178606468513
tiles/tile_0499.jpg,19.155265971138054,73.2328868736435
tiles/tile_0500.jpg,19.155750489114464,73.2839892476825
tiles/tile_0501.jpg,19.1562208051228,73.33509314161316
tiles/tile_0502.jpg,19.15667691737332,73.38619851023891
tiles/tile_0503.jpg,19.1571188241302,73.43730530835583
tiles/tile_0504.jpg,19.1575465237116,73.48841349075286
tiles/tile_0505.jpg,19.15796001448962,73.53952301221202
tiles/tile_0506.jpg,19.15835929489039,73.59063382750867
tiles/tile_0507.jpg,19.15874436339402,73.6417458914117
tiles/tile_0513.jpg,19.09406828766281,72.2120425061986
tiles/tile_0514.jpg,19.094834292219343,72.26309013843264
tiles/tile_0515.jpg,19.095586180471937,72.31414018935484
tiles/tile_0516.jpg,19.09632394956512,72.36519261402287
tiles/tile_0517.jpg,19.097047596696765,72.41624736748254
tiles/tile_0518.jpg,19.097757119118093,72.4673044047681
tiles/tile_0519.jpg,19.098452514133736,72.51836368090244
tiles/tile_0520.jpg,19.099133779101717,72.56942515089733
tiles/tile_0521.jpg,19.099800911433512,72.6204887697536
tiles/tile_0522.jpg,19.100453908594066,72.67155449246145
tiles/tile_0523.jpg,19.1010927681018,72.72262227400053
tiles/tile_0524.jpg,19.101717487528653,72.77369206934033
tiles/tile_0525.jpg,19.10232806450011,72.82476383344024
tiles/tile_0526.jpg,19.1029244966952,72.87583752124996
tiles/tile_0527.jpg,19.10350678184654,72.9269130877095
tiles/tile_0528.jpg,19.10407491774036,72.97799048774958
tiles/tile_0529.jpg,19.104628902216497,73.0290696762918
tiles/tile_0530.jpg,19.105168733168437,73.08015060824881
tiles/tile_0531.jpg,19.10569440854333,73.13123323852463
tiles/tile_0532.jpg,19.106205926342025,73.18231752201478
tiles/tile_0533.jpg,19.10670328461907,73.2334034136066
tiles/tile_0534.jpg,19.107186481482717,73.28449086817935
tiles/tile_0535.jpg,19.10765551509498,73.33557984060457
tiles/tile_0536.jpg,19.10811038367162,73.38667028574619
tiles/tile_0537.jpg,19.10855108548218,73.43776215846084
tiles/tile_0538.jpg,19.108977618849995,73.488855413598
tiles/tile_0539.jpg,19.1093899821522,73.53995000600032
tiles/tile_0540.jpg,19.109788173819773,73.5910458905037
tiles/tile_0541.jpg,19.110172192337505,73.64214302193768
tiles/tile_0547.jpg,19.045539855222543,72.21285445064562
tiles/tile_0548.jpg,19.046303766924503,72.2638872617992
tiles/tile_0549.jpg,19.047053600872463,72.31492248840875
tiles/tile_0550.jpg,19.047789354219795,72.36596008559164
tiles/tile_0551.jpg,19.048511024173,72.41700000845346
tiles/tile_0552.jpg,19.049218607991804,72.46804221208829
tiles/tile_0553.jpg,19.049912102989147,72.51908665157889
tiles/tile_0554.jpg,19.05059150653122,72.57013328199686
tiles/tile_0555.jpg,19.051256816037487,72.62118205840301
tiles/tile_0556.jpg,19.05190802898072,72.67223293584738
tiles/tile_0557.jpg,19.052545142887,72.72328586936968
tiles/tile_0558.jpg,19.053168155335776,72.77434081399936
tiles/tile_0559.jpg,19.05377706395985,72.82539772475585
tiles/tile_0560.jpg,19.05437186644543,72.87645655664886
tiles/tile_0561.jpg,19.05495256053213,72.92751726467854
tiles/tile_0562.jpg,19.05551914401301,72.97857980383569
tiles/tile_0563.jpg,19.05607161473459,73.02964412910201
tiles/tile_0564.jpg,19.056609970596856,73.08071019545038
tiles/tile_0565.jpg,19.057134209553308,73.13177795784495
tiles/tile_0566.jpg,19.05764432961096,73.18284737124145
tiles/tile_0567.jpg,19.05814032883035,73.23391839058745
tiles/tile_0568.jpg,19.05862220532561,73.28499097082248
tiles/tile_0569.jpg,19.05908995726441,73.33606506687835
tiles/tile_0570.jpg,19.059543582868024,73.38714063367925
tiles/tile_0571.jpg,19.059983080411342,73.43821762614218
tiles/tile_0572.jpg,19.060408448222887,73.4892959991769
tiles/tile_0573.jpg,19.06081968468479,73.54037570768645
tiles/tile_0574.jpg,19.06121678823288,73.59145670656712
tiles/tile_0581.jpg,18.9970111347304,72.213663934764
tiles/tile_0582.jpg,18.997772954751177,72.26468196970781
tiles/tile_0583.jpg,18.99852073554646,72.31570241688735
tiles/tile_0584.jpg,18.999254474278395,72.36672523147952
tiles/tile_0585.jpg,18.999974168162144,72.41775036864948
tiles/tile_0586.jpg,19.000679814465894,72.46877778355089
tiles/tile_0587.jpg,19.0013714105109,72.51980743132611
tiles/tile_0588.jpg,19.00204895367149,72.57083926710648
tiles/tile_0589.jpg,19.00271244137511,72.6218732460124
tiles/tile_0590.jpg,19.00336187110236,72.6729093231537
tiles/tile_0591.jpg,19.00399724038696,72.7239474536298
tiles/tile_0592.jpg,19.00461854681585,72.77498759252994
tiles/tile_0593.jpg,19.005225788029165,72.82602969493334
tiles/tile_0594.jpg,19.005818961720244,72.87707371590956
tiles/tile_0595.jpg,19.00639806563571,72.92811961051859
tiles/tile_0596.jpg,19.006963097575447,72.97916733381112
tiles/tile_0597.jpg,19.007514055392637,73.03021684082877
tiles/tile_0598.jpg,19.008050936993754,73.08126808660434
tiles/tile_0599.jpg,19.00857374033864,73.13232102616195
tiles/tile_0600.jpg,19.009082463440457,73.1833756145173
tiles/tile_0601.jpg,19.00957710436577,73.23443180667797
tiles/tile_0602.jpg,19.01005766123452,73.28548955764354
tiles/tile_0603.jpg,19.010524132220056,73.33654882240583
tiles/tile_0604.jpg,19.01097651554916,73.38760955594915
tiles/tile_0605.jpg,19.011414809502043,73.43867171325053
tiles/tile_0606.jpg,19.0118390124124,73.4897352492799
tiles/tile_0607.jpg,19.01224912266739,73.54080011900041
tiles/tile_0608.jpg,19.01264513870766,73.59186627736847
tiles/tile_0615.jpg,18.94848212684575,72.21447096183348
tiles/tile_0616.jpg,18.94924185635484,72.2654742653787
tiles/tile_0617.jpg,18.949987585145525,72.31647997795137
tiles/tile_0618.jpg,18.950719310388752,72.36748805478769
tiles/tile_0619.jpg,18.951437029308305,72.41849845111214
tiles/tile_0620.jpg,18.952140739180827,72.46951112213782
tiles/tile_0621.jpg,18.95283043733588,72.52052602306642
tiles/tile_0622.jpg,18.953506121155915,72.57154310908875
tiles/tile_0623.jpg,18.95416778807637,72.62256233538467
tiles/tile_0624.jpg,18.95481543558561,72.67358365712353
tiles/tile_0625.jpg,18.955449061225032,72.72460702946424
tiles/tile_0626.jpg,18.95606866258903,72.77563240755559
tiles/tile_0627.jpg,18.95667423732504,72.82665974653645
tiles/tile_0628.jpg,18.95726578313357,72.87768900153591
tiles/tile_0629.jpg,18.95784329776823,72.92872012767361
tiles/tile_0630.jpg,18.95840677903569,72.97975308005994
tiles/tile_0631.jpg,18.9589562247958,73.0307878137962
tiles/tile_0632.jpg,18.959491632961523,73.08182428397485
tiles/tile_0633.jpg,18.96001300149901,73.1328624456798
tiles/tile_0634.jpg,18.9605203284276,73.18390225398652
tiles/tile_0635.jpg,18.96101361181983,73.23494366396233
tiles/tile_0636.jpg,18.961492849801477,73.28598663066663
tiles/tile_0637.jpg,18.96195804055153,73.33703110915106
tiles/tile_0638.jpg,18.96240918230228,73.3880770544598
tiles/tile_0639.jpg,18.96284627333928,73.43912442162973
tiles/tile_0640.jpg,18.96326931200137,73.49017316569069
tiles/tile_0641.jpg,18.963678296680705,73.5412232416657
tiles/tile_0642.jpg,18.964073225822776,73.59227460457114
tiles/tile_0648.jpg,18.8991812327059,72.16428936874695
tiles/tile_0649.jpg,18.89995283222853,72.21527553512162
tiles/tile_0650.jpg,18.90071047239148,72.26626415202017
tiles/tile_0651.jpg,18.901454150321808,72.31725517474979
tiles/tile_0652.jpg,18.902183863199227,72.36824855860577
tiles/tile_0653.jpg,18.902899608256146,72.41924425887176
tiles/tile_0654.jpg,18.90360138277764,72.47024223081992
tiles/tile_0655.jpg,18.904289184101565,72.52124242971124
tiles/tile_0656.jpg,18.9049630096185,72.57224481079565
tiles/tile_0657.jpg,18.905622856771814,72.6232493293123
tiles/tile_0658.jpg,18.906268723057696,72.67425594048979
tiles/tile_0659.jpg,18.90690060602515,72.72526459954638
tiles/tile_0660.jpg,18.90751850327604,72.77627526169016
tiles/tile_0661.jpg,18.908122412465104,72.82728788211935
tiles/tile_0662.jpg,18.908712331299988,72.87830241602244
tiles/tile_0663.jpg,18.909288257541263,72.92931881857852
tiles/tile_0664.jpg,18.90985018900241,72.98033704495737
tiles/tile_0665.jpg,18.910398123549918,73.03135705031977
tiles/tile_0666.jpg,18.910932059103224,73.0823787898177
tiles/tile_0667.jpg,18.9114519936348,73.13340221859454
tiles/tile_0668.jpg,18.911957925170128,73.18442729178531
tiles/tile_0669.jpg,18.91244985178772,73.23545396451692
tiles/tile_0670.jpg,18.912927771619163,73.28648219190832
tiles/tile_0671.jpg,18.913391682849124,73.33751192907077
tiles/tile_0672.jpg,18.913841583715364,73.38854313110808
tiles/tile_0673.jpg,18.914277472508747,73.43957575311677
tiles/tile_0674.jpg,18.914699347573286,73.49060975018635
tiles/tile_0675.jpg,18.915107207306125,73.54164507739952
tiles/tile_0676.jpg,18.91550105015757,73.59268168983236
tiles/tile_0682.jpg,18.850653778656618,72.16510613021973
tiles/tile_0683.jpg,18.85142325153916,72.21607765788387
tiles/tile_0684.jpg,18.85217880351762,72.26705163282861
tiles/tile_0685.jpg,18.85292043172799,72.3180280104199
tiles/tile_0686.jpg,18.85364813335875,72.36900674601196
tiles/tile_0687.jpg,18.854361905650883,72.41998779494732
tiles/tile_0688.jpg,18.855061745897927,72.47097111255708
tiles/tile_0689.jpg,18.855747651445995,72.52195665416116
tiles/tile_0690.jpg,18.856419619693785,72.57294437506853
tiles/tile_0691.jpg,18.85707764809261,72.62393423057736
tiles/tile_0692.jpg,18.857721734146423,72.67492617597529
tiles/tile_0693.jpg,18.858351875411863,72.72592016653967
tiles/tile_0694.jpg,18.858968069498243,72.7769161575377
tiles/tile_0695.jpg,18.859570314067582,72.82791410422675
tiles/tile_0696.jpg,18.86015860683467,72.87891396185448
tiles/tile_0697.jpg,18.860732945567,72.92991568565914
tiles/tile_0698.jpg,18.86129332808489,72.98091923086979
tiles/tile_0699.jpg,18.861839752261428,73.03192455270639
tiles/tile_0700.jpg,18.86237221602255,73.08293160638023
tiles/tile_0701.jpg,18.862890717347007,73.13394034709397
tiles/tile_0702.jpg,18.86339525426641,73.18495073004196
tiles/tile_0703.jpg,18.863885824865267,73.23596271041043
tiles/tile_0704.jpg,18.86436242728096,73.28697624337771
tiles/tile_0705.jpg,18.864825059703804,73.33799128411444
tiles/tile_0706.jpg,18.865273720377036,73.38900778778381
tiles/tile_0707.jpg,18.86570840759683,73.4400257095418
tiles/tile_0708.jpg,18.866129119712348,73.49104500453734
tiles/tile_0709.jpg,18.86653585512572,73.54206562791258
tiles/tile_0716.jpg,18.80212603801724,72.16592039978798
tiles/tile_0717.jpg,18.8028933854386,72.21687733336356
tiles/tile_0718.jpg,18.80364685039032,72.26783671098846
tiles/tile_0719.jpg,18.8043864300173,72.31879848808732
tiles/tile_0720.jpg,18.80511212151676,72.36976262007295
tiles/tile_0721.jpg,18.805823922138288,72.42072906234658
tiles/tile_0722.jpg,18.806521829183843,72.47169777029805
tiles/tile_0723.jpg,18.807205840007786,72.52266869930601
tiles/tile_0724.jpg,18.80787595201691,72.57364180473819
tiles/tile_0725.jpg,18.80853216267047,72.62461704195158
tiles/tile_0726.jpg,18.80917446948019,72.67559436629267
tiles/tile_0727.jpg,18.80980287001031,72.72657373309764
tiles/tile_0728.jpg,18.810417361877583,72.77755509769263
tiles/tile_0729.jpg,18.81101794275131,72.82853841539388
tiles/tile_0730.jpg,18.81160461035338,72.87952364150804
tiles/tile_0731.jpg,18.81217736245826,72.93051073133232
tiles/tile_0732.jpg,18.812736196893034,72.98149964015475
tiles/tile_0733.jpg,18.813281111537425,73.03249032325436
tiles/tile_0734.jpg,18.813812104323816,73.08348273590146
tiles/tile_0735.jpg,18.814329173237248,73.1344768333578
tiles/tile_0736.jpg,18.81483231631548,73.18547257087681
tiles/tile_0737.jpg,18.815321531648955,73.23646990370386
tiles/tile_0738.jpg,18.815796817380875,73.28746878707639
tiles/tile_0739.jpg,18.81625817170718,73.33846917622424
tiles/tile_0740.jpg,18.816705592876577,73.38947102636976
tiles/tile_0741.jpg,18.81713907919055,73.44047429272813
tiles/tile_0742.jpg,18.817558629003408,73.49147893050751
tiles/tile_0743.jpg,18.817964240722237,73.54248489490931
tiles/tile_0750.jpg,18.753598011453207,72.16673218074155
tiles/tile_0751.jpg,18.754363234588336,72.21767456479192
tiles/tile_0752.jpg,18.75511461366716,72.26861938967241
tiles/tile_0753.jpg,18.75585214584349,72.31956661086603
tiles/tile_0754.jpg,18.75657582832329,72.37051618384406
tiles/tile_0755.jpg,18.7572856583647,72.42146806406618
tiles/tile_0756.jpg,18.757981633278103,72.47242220698071
tiles/tile_0757.jpg,18.75866375042611,72.52337856802485
tiles/tile_0758.jpg,18.75933200722359,72.57433710262488
tiles/tile_0759.jpg,18.759986401137727,72.6252977661964
tiles/tile_0760.jpg,18.760626929688,72.67626051414447
tiles/tile_0761.jpg,18.76125359044623,72.72722530186398
tiles/tile_0762.jpg,18.76186638103662,72.77819208473967
tiles/tile_0763.jpg,18.762465299135734,72.82916081814655
tiles/tile_0764.jpg,18.76305034247255,72.88013145744995
tiles/tile_0765.jpg,18.76362150882849,72.93110395800585
tiles/tile_0766.jpg,18.7641787960374,72.98207827516106
tiles/tile_0767.jpg,18.764722201985634,73.03305436425342
tiles/tile_0768.jpg,18.765251724612,73.08403218061207
tiles/tile_0769.jpg,18.765767361907837,73.1350116795576
tiles/tile_0770.jpg,18.76626911191701,73.18599281640233
tiles/tile_0771.jpg,18.766756972735937,73.23697554645052
tiles/tile_0772.jpg,18.767230942513592,73.28795982499854
tiles/tile_0773.jpg,18.767691019451547,73.33894560733515
tiles/tile_0774.jpg,18.76813720180397,73.3899328487417
tiles/tile_0775.jpg,18.76856948787765,73.44092150449231
tiles/tile_0776.jpg,18.76898787603201,73.49191152985418
tiles/tile_0777.jpg,18.769392364679117,73.54290288008771
tiles/tile_0783.jpg,18.704292796835908,72.11661607939759
tiles/tile_0784.jpg,18.70506969963048,72.16754147635802
tiles/tile_0785.jpg,18.705832799650366,72.21846935538817
tiles/tile_0786.jpg,18.706582094006265,72.26939967204123
tiles/tile_0787.jpg,18.707317579860877,72.3203323818584
tiles/tile_0788.jpg,18.70803925442888,72.3712674403692
tiles/tile_0789.jpg,18.708747114976997,72.42220480309149
tiles/tile_0790.jpg,18.70944115882399,72.47314442553194
tiles/tile_0791.jpg,18.71012138334072,72.52408626318602
tiles/tile_0792.jpg,18.710787785950107,72.57503027153837
tiles/tile_0793.jpg,18.711440364127267,72.62597640606293
tiles/tile_0794.jpg,18.71207911539941,72.67692462222321
tiles/tile_0795.jpg,18.712704037345954,72.72787487547247
tiles/tile_0796.jpg,18.713315127598506,72.77882712125395
tiles/tile_0797.jpg,18.713912383840896,72.8297813150011
tiles/tile_0798.jpg,18.714495803809186,72.8807374121378
tiles/tile_0799.jpg,18.715065385291737,72.93169536807858
tiles/tile_0800.jpg,18.715621126129165,72.98265513822875
tiles/tile_0801.jpg,18.7161630242144,73.03361667798478
tiles/tile_0802.jpg,18.7166910774927,73.08457994273441
tiles/tile_0803.jpg,18.71720528396169,73.13554488785685
tiles/tile_0804.jpg,18.717705641671337,73.1865114687231
tiles/tile_0805.jpg,18.718192148724,73.23747964069608
tiles/tile_0806.jpg,18.71866480327444,73.28844935913087
tiles/tile_0807.jpg,18.71912360352985,73.33942057937494
tiles/tile_0808.jpg,18.719568547749848,73.39039325676839
tiles/tile_0809.jpg,18.7199996342465,73.44136734664413
tiles/tile_0810.jpg,18.72041686138437,73.49234280432809
tiles/tile_0811.jpg,18.72082022758048,73.54331958513951
tiles/tile_0817.jpg,18.65576636073152,72.11743735026253
tiles/tile_0818.jpg,18.656541103215545,72.16834828990275
tiles/tile_0819.jpg,18.65730208128722,72.21926170835953
tiles/tile_0820.jpg,18.65804929206628,72.27017756124397
tiles/tile_0821.jpg,18.658782732724287,72.32109580415528
tiles/tile_0822.jpg,18.659502400484644,72.37201639268089
tiles/tile_0823.jpg,18.660208292622617,72.42293928239683
tiles/tile_0824.jpg,18.660900406465345,72.4738644288677
tiles/tile_0825.jpg,18.66157873939192,72.52479178764715
tiles/tile_0826.jpg,18.66224328883333,72.57572131427789
tiles/tile_0827.jpg,18.662894052272573,72.62665296429205
tiles/tile_0828.jpg,18.663531027244613,72.6775866932113
tiles/tile_0829.jpg,18.664154211336417,72.7285224565471
tiles/tile_0830.jpg,18.66476360218701,72.77946020980096
tiles/tile_0831.jpg,18.665359197487465,72.83039990846457
tiles/tile_0832.jpg,18.665940994980936,72.88134150802011
tiles/tile_0833.jpg,18.66650899246269,72.9322849639404
tiles/tile_0834.jpg,18.6670631877801,72.98323023168915
tiles/tile_0835.jpg,18.6676035788327,73.03417726672116
tiles/tile_0836.jpg,18.66813016357218,73.08512602448253
tiles/tile_0837.jpg,18.6686429400024,73.13607646041096
tiles/tile_0838.jpg,18.66914190617944,73.18702852993583
tiles/tile_0839.jpg,18.66962706021161,73.23798218847855
tiles/tile_0840.jpg,18.67009840025943,73.28893739145266
tiles/tile_0841.jpg,18.67055592453571,73.33989409426415
tiles/tile_0842.jpg,18.670999631305506,73.39085225231165
tiles/tile_0843.jpg,18.67142951888617,73.44181182098657
tiles/tile_0844.jpg,18.671845585647397,73.49277275567347
tiles/tile_0851.jpg,18.60723963951795,72.11825609793217
tiles/tile_0852.jpg,18.608012222875395,72.16915262462892
tiles/tile_0853.jpg,18.608771080161947,72.22005162690122
tiles/tile_0854.jpg,18.609516208506378,72.27095306041791
tiles/tile_0855.jpg,18.6102476050891,72.32185688083588
tiles/tile_0856.jpg,18.610965267142223,72.37276304380045
tiles/tile_0857.jpg,18.611669191949535,72.42367150494535
tiles/tile_0858.jpg,18.61235937684657,72.47458221989311
tiles/tile_0859.jpg,18.6130358192206,72.52549514425519
tiles/tile_0860.jpg,18.61369851651069,72.57641023363227
tiles/tile_0861.jpg,18.61434746620771,72.62732744361438
tiles/tile_0862.jpg,18.614982665854345,72.67824672978114
tiles/tile_0863.jpg,18.61560411304513,72.72916804770205
tiles/tile_0864.jpg,18.61621180542648,72.78009135293661
tiles/tile_0865.jpg,18.616805740696705,72.83101660103455
tiles/tile_0866.jpg,18.617385916606043,72.88194374753614
tiles/tile_0867.jpg,18.61795233095665,72.9328727479723
tiles/tile_0868.jpg,18.61850498160265,72.98380355786483
tiles/tile_0869.jpg,18.619043866450163,73.03473613272672
tiles/tile_0870.jpg,18.619568983457288,73.08567042806226
tiles/tile_0871.jpg,18.620080330634163,73.13660639936728
tiles/tile_0872.jpg,18.620577906042943,73.18754400212944
tiles/tile_0873.jpg,18.621061707797857,73.23848319182834
tiles/tile_0874.jpg,18.62153173406521,73.28942392393584
tiles/tile_0875.jpg,18.6219879830634,73.3403661539162
tiles/tile_0876.jpg,18.622430453062925,73.3913098372263
tiles/tile_0877.jpg,18.62285914238641,73.44225492931595
tiles/tile_0878.jpg,18.623274049408646,73.493201385628
tiles/tile_0885.jpg,18.558712633866687,72.11907232570518
tiles/tile_0886.jpg,18.55948305927751,72.16995448377754
tiles/tile_0887.jpg,18.56023979693811,72.22083911419656
tiles/tile_0888.jpg,18.560982843986256,72.27172617268856
tiles/tile_0889.jpg,18.56171219761123,72.32261561496803
tiles/tile_0890.jpg,18.5624278550538,72.37350739673776
tiles/tile_0891.jpg,18.56312981360629,72.42440147368916
tiles/tile_0892.jpg,18.5638180706126,72.47529780150235
tiles/tile_0893.jpg,18.5644926234682,72.52619633584649
tiles/tile_0894.jpg,18.56515346962019,72.5770970323799
tiles/tile_0895.jpg,18.565800606567297,72.62799984675033
tiles/tile_0896.jpg,18.566434031859934,72.6789047345952
tiles/tile_0897.jpg,18.567053743100196,72.72981165154174
tiles/tile_0898.jpg,18.56765973794187,72.78072055320726
tiles/tile_0899.jpg,18.568252014090493,72.83163139519934
tiles/tile_0900.jpg,18.568830569303348,72.88254413311608
tiles/tile_0901.jpg,18.569395401389517,72.9334587225463
tiles/tile_0902.jpg,18.56994650820985,72.98437511906972
tiles/tile_0903.jpg,18.57048388767701,73.03529327825724
tiles/tile_0904.jpg,18.57100753775556,73.0862131556711
tiles/tile_0905.jpg,18.57151745646183,73.13713470686514
tiles/tile_0906.jpg,18.572013641864093,73.18805788738499
tiles/tile_0907.jpg,18.57249609208249,73.2389826527683
tiles/tile_0908.jpg,18.57296480528908,73.28990895854494
tiles/tile_0909.jpg,18.57341977970784,73.34083676023728
tiles/tile_0910.jpg,18.57386101361472,73.39176601336027
tiles/tile_0911.jpg,18.5742885053376,73.4426966734218
tiles/tile_0912.jpg,18.57470225325637,73.4936286959229
tiles/tile_0918.jpg,18.50940342926383,72.0690207164925
tiles/tile_0919.jpg,18.510185344449752,72.11988603686794
tiles/tile_0920.jpg,18.510953613089917,72.17075387057751
tiles/tile_0921.jpg,18.51170823227979,72.22162417341693
tiles/tile_0922.jpg,18.51244919916616,72.27249690116982
tiles/tile_0923.jpg,18.51317651094711,72.32337200960797
tiles/tile_0924.jpg,18.513890164872112,72.37424945449155
tiles/tile_0925.jpg,18.514590158241983,72.42512919156934
tiles/tile_0926.jpg,18.51527648840897,72.47601117657888
tiles/tile_0927.jpg,18.51594915277673,72.52689536524674
tiles/tile_0928.jpg,18.5166081488004,72.57778171328876
tiles/tile_0929.jpg,18.517253473986568,72.62867017641018
tiles/tile_0930.jpg,18.517885125893333,72.67956071030594
tiles/tile_0931.jpg,18.518503102130328,72.73045327066083
tiles/tile_0932.jpg,18.519107400358735,72.78134781314975
tiles/tile_0933.jpg,18.519698018291287,72.83224429343791
tiles/tile_0934.jpg,18.520274953692336,72.88314266718105
tiles/tile_0935.jpg,18.52083820437782,72.93404289002562
tiles/tile_0936.jpg,18.52138776821534,72.98494491760908
tiles/tile_0937.jpg,18.521923643124136,73.03584870556001
tiles/tile_0938.jpg,18.52244582707512,73.0867542094984
tiles/tile_0939.jpg,18.52295431809091,73.13766138503586
tiles/tile_0940.jpg,18.523449114245818,73.18857018777578
tiles/tile_0941.jpg,18.52393021366592,73.23948057331364
tiles/tile_0942.jpg,18.524397614529,73.29039249723716
tiles/tile_0943.jpg,18.52485131506464,73.3413059151265
tiles/tile_0944.jpg,18.525291313554195,73.39222078255453
tiles/tile_0945.jpg,18.52571760833082,73.44313705508702
tiles/tile_0946.jpg,18.52613019777948,73.49405468828287
tiles/tile_0952.jpg,18.460878050622554,72.0698461912157
tiles/tile_0953.jpg,18.461657771939656,72.12069723469448
tiles/tile_0954.jpg,18.46242388498113,72.17155078824563
tiles/tile_0955.jpg,18.463176386851604,72.22240680772184
tiles/tile_0956.jpg,18.463915274706828,72.27326524896387
tiles/tile_0957.jpg,18.46464054575373,72.32412606780058
tiles/tile_0958.jpg,18.46535219725042,72.37498922004929
tiles/tile_0959.jpg,18.46605022650623,72.42585466151594
tiles/tile_0960.jpg,18.46673463088173,72.47672234799528
tiles/tile_0961.jpg,18.46740540778877,72.5275922352711
tiles/tile_0962.jpg,18.468062554690476,72.57846427911649
tiles/tile_0963.jpg,18.46870606910129,72.62933843529402
tiles/tile_0964.jpg,18.469335948587027,72.68021465955589
tiles/tile_0965.jpg,18.469952190764825,72.73109290764428
tiles/tile_0966.jpg,18.470554793303226,72.78197313529144
tiles/tile_0967.jpg,18.47114375392218,72.83285529821998
tiles/tile_0968.jpg,18.471719070393068,72.88373935214307
tiles/tile_0969.jpg,18.472280740538714,72.93462525276462
tiles/tile_0970.jpg,18.472828762233437,72.98551295577954
tiles/tile_0971.jpg,18.47336313340301,73.03640241687391
tiles/tile_0972.jpg,18.473883852024755,73.08729359172528
tiles/tile_0973.jpg,18.47439091612752,73.13818643600277
tiles/tile_0974.jpg,18.474884323791667,73.18908090536736
tiles/tile_0975.jpg,18.475364073149176,73.2399769554721
tiles/tile_0976.jpg,18.475830162383584,73.29087454196234
tiles/tile_0977.jpg,18.47628258973004,73.34177362047585
tiles/tile_0978.jpg,18.47672135347531,73.39267414664316
tiles/tile_0979.jpg,18.477146451957797,73.44357607608775
tiles/tile_0986.jpg,18.41235238837257,72.07066911172944
tiles/tile_0987.jpg,18.41312991700941,72.12150592244664
tiles/tile_0988.jpg,18.4138938756202,72.17234523998664
tiles/tile_0989.jpg,18.41464426131867,72.223187020259
tiles/tile_0990.jpg,18.415381071269568,72.27403121916129
tiles/tile_0991.jpg,18.41610430268861,72.32487779257929
tiles/tile_0992.jpg,18.41681395284256,72.37572669638725
tiles/tile_0993.jpg,18.41751001904923,72.42657788644802
tiles/tile_0994.jpg,18.418192498677524,72.47743131861338
tiles/tile_0995.jpg,18.418861389147448,72.52828694872412
tiles/tile_0996.jpg,18.41951668793013,72.57914473261037
tiles/tile_0997.jpg,18.420158392547865,72.63000462609179
tiles/tile_0998.jpg,18.420786500574124,72.68086658497768
tiles/tile_0999.jpg,18.421401009633563,72.73173056506734
tiles/tile_1000.jpg,18.42200191740209,72.78259652215016
tiles/tile_1001.jpg,18.422589221606845,72.83346441200597
tiles/tile_1002.jpg,18.423162920026236,72.88433419040513
tiles/tile_1003.jpg,18.42372301048996,72.93520581310878
tiles/tile_1004.jpg,18.42426949087902,72.98607923586908
tiles/tile_1005.jpg,18.424802359125767,73.03695441442945
tiles/tile_1006.jpg,18.42532161321388,73.08783130452467
tiles/tile_1007.jpg,18.425827251178426,73.13870986188124
tiles/tile_1008.jpg,18.426319271105832,73.1895900422175
tiles/tile_1009.jpg,18.42679767113397,73.24047180124384
tiles/tile_1010.jpg,18.427262449452098,73.291355094663
tiles/tile_1011.jpg,18.42771360430094,73.3422398781702
tiles/tile_1012.jpg,18.42815113397267,73.39312610745343
tiles/tile_1013.jpg,18.428575036810937,73.44401373819353
tiles/tile_1020.jpg,18.36382644319143,72.07148948134007
tiles/tile_1021.jpg,18.36460178033254,72.12231210337397
tiles/tile_1022.jpg,18.36536358567665,72.17313722899331
tiles/tile_1023.jpg,18.36611185634663,72.22396481416429
tiles/tile_1024.jpg,18.366846589516165,72.27479481484109
tiles/tile_1025.jpg,18.367567782409772,72.32562718696617
tiles/tile_1026.jpg,18.36827543230286,72.37646188647051
tiles/tile_1027.jpg,18.3689695365217,72.42729886927371
tiles/tile_1028.jpg,18.36965009244352,72.4781380912843
tiles/tile_1029.jpg,18.370317097496457,72.52897950839989
tiles/tile_1030.jpg,18.37097054915965,72.57982307650742
tiles/tile_1031.jpg,18.37161044496321,72.63066875148341
tiles/tile_1032.jpg,18.37223678248827,72.68151648919407
tiles/tile_1033.jpg,18.37284955936701,72.73236624549558
tiles/tile_1034.jpg,18.373448773282664,72.78321797623434
tiles/tile_1035.jpg,18.37403442196956,72.83407163724708
tiles/tile_1036.jpg,18.374606503213126,72.88492718436119
tiles/tile_1037.jpg,18.37516501484991,72.9357845733948
tiles/tile_1038.jpg,18.375709954767625,72.98664376015716
tiles/tile_1039.jpg,18.37624132090514,73.03750470044871
tiles/tile_1040.jpg,18.37675911125252,73.08836735006138
tiles/tile_1041.jpg,18.377263323851015,73.13923166477872
tiles/tile_1042.jpg,18.377753956793143,73.19009760037623
tiles/tile_1043.jpg,18.378231008222624,73.24096511262151
tiles/tile_1044.jpg,18.37869447633445,73.29183415727441
tiles/tile_1045.jpg,18.379144359374912,73.34270469008739
tiles/tile_1046.jpg,18.379580655641565,73.39357666680563
tiles/tile_1047.jpg,18.380003363483304,73.44445004316725
